Datetime,展書樓
2026-01-01 00:00:00,58.12
2026-01-01 01:00:00,53.94
2026-01-01 02:00:00,51.5
2026-01-01 03:00:00,51.75
2026-01-01 04:00:00,51.06
2026-01-01 05:00:00,49.5
2026-01-01 06:00:00,50.38
2026-01-01 07:00:00,49.43
2026-01-01 08:00:00,49.63
2026-01-01 09:00:00,50.44
2026-01-01 10:00:00,52.68
2026-01-01 11:00:00,52.13
2026-01-01 12:00:00,51.44
2026-01-01 13:00:00,52.5
2026-01-01 14:00:00,53.56
2026-01-01 15:00:00,52.94
2026-01-01 16:00:00,54.18
2026-01-01 17:00:00,54.0
2026-01-01 18:00:00,54.94
2026-01-01 19:00:00,52.13
2026-01-01 20:00:00,51.43
2026-01-01 21:00:00,51.38
2026-01-01 22:00:00,50.62
2026-01-01 23:00:00,50.19
2026-01-02 00:00:00,50.31
2026-01-02 01:00:00,48.82
2026-01-02 02:00:00,48.93
2026-01-02 03:00:00,49.07
2026-01-02 04:00:00,49.37
2026-01-02 05:00:00,49.0
2026-01-02 06:00:00,49.0
2026-01-02 07:00:00,49.69
2026-01-02 08:00:00,52.94
2026-01-02 09:00:00,61.62
2026-01-02 10:00:00,68.94
2026-01-02 11:00:00,73.31
2026-01-02 12:00:00,73.06
2026-01-02 13:00:00,71.88
2026-01-02 14:00:00,73.19
2026-01-02 15:00:00,75.18
2026-01-02 16:00:00,74.57
2026-01-02 17:00:00,71.37
2026-01-02 18:00:00,65.56
2026-01-02 19:00:00,62.5
2026-01-02 20:00:00,58.75
2026-01-02 21:00:00,56.63
2026-01-02 22:00:00,57.06
2026-01-02 23:00:00,54.44
2026-01-03 00:00:00,54.25
2026-01-03 01:00:00,53.5
2026-01-03 02:00:00,52.0
2026-01-03 03:00:00,51.12
2026-01-03 04:00:00,51.69
2026-01-03 05:00:00,51.19
2026-01-03 06:00:00,50.75
2026-01-03 07:00:00,50.12
2026-01-03 08:00:00,50.63
2026-01-03 09:00:00,51.19
2026-01-03 10:00:00,52.0
2026-01-03 11:00:00,52.06
2026-01-03 12:00:00,54.69
2026-01-03 13:00:00,55.25
2026-01-03 14:00:00,57.93
2026-01-03 15:00:00,59.38
2026-01-03 16:00:00,57.94
2026-01-03 17:00:00,59.06
2026-01-03 18:00:00,56.31
2026-01-03 19:00:00,54.13
2026-01-03 20:00:00,54.18
2026-01-03 21:00:00,54.32
2026-01-03 22:00:00,53.0
2026-01-03 23:00:00,49.81
2026-01-04 00:00:00,50.44
2026-01-04 01:00:00,48.87
2026-01-04 02:00:00,48.69
2026-01-04 03:00:00,48.62
2026-01-04 04:00:00,48.32
2026-01-04 05:00:00,48.5
2026-01-04 06:00:00,47.56
2026-01-04 07:00:00,47.94
2026-01-04 08:00:00,48.0
2026-01-04 09:00:00,48.31
2026-01-04 10:00:00,49.19
2026-01-04 11:00:00,48.56
2026-01-04 12:00:00,49.19
2026-01-04 13:00:00,49.93
2026-01-04 14:00:00,50.94
2026-01-04 15:00:00,54.75
2026-01-04 16:00:00,57.0
2026-01-04 17:00:00,57.06
2026-01-04 18:00:00,52.38
2026-01-04 19:00:00,52.0
2026-01-04 20:00:00,53.81
2026-01-04 21:00:00,52.81
2026-01-04 22:00:00,53.07
2026-01-04 23:00:00,50.18
2026-01-05 00:00:00,52.13
2026-01-05 01:00:00,49.69
2026-01-05 02:00:00,48.93
2026-01-05 03:00:00,49.75
2026-01-05 04:00:00,49.38
2026-01-05 05:00:00,48.56
2026-01-05 06:00:00,49.63
2026-01-05 07:00:00,53.87
2026-01-05 08:00:00,61.0
2026-01-05 09:00:00,70.06
2026-01-05 10:00:00,77.63
2026-01-05 11:00:00,81.06
2026-01-05 12:00:00,77.63
2026-01-05 13:00:00,78.93
2026-01-05 14:00:00,81.75
2026-01-05 15:00:00,79.5
2026-01-05 16:00:00,79.88
2026-01-05 17:00:00,75.44
2026-01-05 18:00:00,65.31
2026-01-05 19:00:00,62.5
2026-01-05 20:00:00,60.62
2026-01-05 21:00:00,58.32
2026-01-05 22:00:00,55.25
2026-01-05 23:00:00,54.37
2026-01-06 00:00:00,52.94
2026-01-06 01:00:00,51.31
2026-01-06 02:00:00,51.69
2026-01-06 03:00:00,52.31
2026-01-06 04:00:00,53.88
2026-01-06 05:00:00,51.87
2026-01-06 06:00:00,52.25
2026-01-06 07:00:00,56.06
2026-01-06 08:00:00,74.38
2026-01-06 09:00:00,78.5
2026-01-06 10:00:00,83.62
2026-01-06 11:00:00,85.69
2026-01-06 12:00:00,85.5
2026-01-06 13:00:00,87.81
2026-01-06 14:00:00,85.07
2026-01-06 15:00:00,82.5
2026-01-06 16:00:00,83.93
2026-01-06 17:00:00,73.94
2026-01-06 18:00:00,65.81
2026-01-06 19:00:00,62.25
2026-01-06 20:00:00,61.69
2026-01-06 21:00:00,60.88
2026-01-06 22:00:00,58.18
2026-01-06 23:00:00,52.94
2026-01-07 00:00:00,51.25
2026-01-07 01:00:00,50.81
2026-01-07 02:00:00,51.69
2026-01-07 03:00:00,52.44
2026-01-07 04:00:00,53.31
2026-01-07 05:00:00,52.81
2026-01-07 06:00:00,53.38
2026-01-07 07:00:00,59.56
2026-01-07 08:00:00,70.13
2026-01-07 09:00:00,75.56
2026-01-07 10:00:00,84.0
2026-01-07 11:00:00,89.56
2026-01-07 12:00:00,85.13
2026-01-07 13:00:00,86.43
2026-01-07 14:00:00,88.75
2026-01-07 15:00:00,87.5
2026-01-07 16:00:00,84.63
2026-01-07 17:00:00,76.12
2026-01-07 18:00:00,68.25
2026-01-07 19:00:00,64.0
2026-01-07 20:00:00,61.32
2026-01-07 21:00:00,59.5
2026-01-07 22:00:00,57.12
2026-01-07 23:00:00,54.19
2026-01-08 00:00:00,57.31
2026-01-08 01:00:00,52.19
2026-01-08 02:00:00,50.0
2026-01-08 03:00:00,49.5
2026-01-08 04:00:00,50.56
2026-01-08 05:00:00,51.31
2026-01-08 06:00:00,50.75
2026-01-08 07:00:00,58.75
2026-01-08 08:00:00,70.0
2026-01-08 09:00:00,73.94
2026-01-08 10:00:00,75.06
2026-01-08 11:00:00,76.5
2026-01-08 12:00:00,80.25
2026-01-08 13:00:00,80.69
2026-01-08 14:00:00,79.38
2026-01-08 15:00:00,80.31
2026-01-08 16:00:00,74.75
2026-01-08 17:00:00,71.56
2026-01-08 18:00:00,66.44
2026-01-08 19:00:00,62.62
2026-01-08 20:00:00,58.13
2026-01-08 21:00:00,56.12
2026-01-08 22:00:00,53.88
2026-01-08 23:00:00,50.5
2026-01-09 00:00:00,49.94
2026-01-09 01:00:00,50.31
2026-01-09 02:00:00,50.56
2026-01-09 03:00:00,50.19
2026-01-09 04:00:00,50.12
2026-01-09 05:00:00,50.75
2026-01-09 06:00:00,51.75
2026-01-09 07:00:00,60.38
2026-01-09 08:00:00,67.94
2026-01-09 09:00:00,72.31
2026-01-09 10:00:00,79.19
2026-01-09 11:00:00,81.62
2026-01-09 12:00:00,81.81
2026-01-09 13:00:00,82.0
2026-01-09 14:00:00,81.13
2026-01-09 15:00:00,76.81
2026-01-09 16:00:00,74.81
2026-01-09 17:00:00,72.0
2026-01-09 18:00:00,65.25
2026-01-09 19:00:00,61.57
2026-01-09 20:00:00,57.87
2026-01-09 21:00:00,55.63
2026-01-09 22:00:00,53.75
2026-01-09 23:00:00,50.43
2026-01-10 00:00:00,48.57
2026-01-10 01:00:00,48.31
2026-01-10 02:00:00,48.5
2026-01-10 03:00:00,48.94
2026-01-10 04:00:00,49.37
2026-01-10 05:00:00,48.69
2026-01-10 06:00:00,48.56
2026-01-10 07:00:00,48.69
2026-01-10 08:00:00,48.75
2026-01-10 09:00:00,49.06
2026-01-10 10:00:00,53.56
2026-01-10 11:00:00,56.5
2026-01-10 12:00:00,55.94
2026-01-10 13:00:00,56.5
2026-01-10 14:00:00,56.06
2026-01-10 15:00:00,57.38
2026-01-10 16:00:00,55.94
2026-01-10 17:00:00,57.06
2026-01-10 18:00:00,55.81
2026-01-10 19:00:00,54.31
2026-01-10 20:00:00,55.32
2026-01-10 21:00:00,54.81
2026-01-10 22:00:00,52.12
2026-01-10 23:00:00,49.88
2026-01-11 00:00:00,53.0
2026-01-11 01:00:00,50.81
2026-01-11 02:00:00,50.5
2026-01-11 03:00:00,51.63
2026-01-11 04:00:00,51.12
2026-01-11 05:00:00,50.38
2026-01-11 06:00:00,50.75
2026-01-11 07:00:00,49.68
2026-01-11 08:00:00,50.13
2026-01-11 09:00:00,48.94
2026-01-11 10:00:00,50.87
2026-01-11 11:00:00,51.38
2026-01-11 12:00:00,51.68
2026-01-11 13:00:00,52.13
2026-01-11 14:00:00,55.25
2026-01-11 15:00:00,57.25
2026-01-11 16:00:00,56.56
2026-01-11 17:00:00,54.38
2026-01-11 18:00:00,54.12
2026-01-11 19:00:00,52.13
2026-01-11 20:00:00,51.06
2026-01-11 21:00:00,51.69
2026-01-11 22:00:00,51.93
2026-01-11 23:00:00,50.5
2026-01-12 00:00:00,51.57
2026-01-12 01:00:00,50.68
2026-01-12 02:00:00,48.5
2026-01-12 03:00:00,47.75
2026-01-12 04:00:00,48.13
2026-01-12 05:00:00,48.19
2026-01-12 06:00:00,48.18
2026-01-12 07:00:00,50.07
2026-01-12 08:00:00,63.75
2026-01-12 09:00:00,71.5
2026-01-12 10:00:00,79.18
2026-01-12 11:00:00,82.44
2026-01-12 12:00:00,79.5
2026-01-12 13:00:00,81.69
2026-01-12 14:00:00,81.75
2026-01-12 15:00:00,81.62
2026-01-12 16:00:00,74.5
2026-01-12 17:00:00,74.63
2026-01-12 18:00:00,68.69
2026-01-12 19:00:00,63.81
2026-01-12 20:00:00,63.62
2026-01-12 21:00:00,60.44
2026-01-12 22:00:00,59.94
2026-01-12 23:00:00,57.12
2026-01-13 00:00:00,55.32
2026-01-13 01:00:00,54.0
2026-01-13 02:00:00,55.75
2026-01-13 03:00:00,54.62
2026-01-13 04:00:00,53.38
2026-01-13 05:00:00,54.12
2026-01-13 06:00:00,54.38
2026-01-13 07:00:00,60.87
2026-01-13 08:00:00,72.69
2026-01-13 09:00:00,75.62
2026-01-13 10:00:00,88.32
2026-01-13 11:00:00,88.12
2026-01-13 12:00:00,85.44
2026-01-13 13:00:00,81.44
2026-01-13 14:00:00,80.68
2026-01-13 15:00:00,80.57
2026-01-13 16:00:00,79.93
2026-01-13 17:00:00,74.38
2026-01-13 18:00:00,69.56
2026-01-13 19:00:00,65.13
2026-01-13 20:00:00,60.0
2026-01-13 21:00:00,57.0
2026-01-13 22:00:00,55.12
2026-01-13 23:00:00,56.0
2026-01-14 00:00:00,55.38
2026-01-14 01:00:00,53.0
2026-01-14 02:00:00,53.18
2026-01-14 03:00:00,53.88
2026-01-14 04:00:00,53.75
2026-01-14 05:00:00,53.81
2026-01-14 06:00:00,53.06
2026-01-14 07:00:00,58.57
2026-01-14 08:00:00,73.75
2026-01-14 09:00:00,78.06
2026-01-14 10:00:00,81.5
2026-01-14 11:00:00,79.81
2026-01-14 12:00:00,81.0
2026-01-14 13:00:00,83.31
2026-01-14 14:00:00,86.63
2026-01-14 15:00:00,83.37
2026-01-14 16:00:00,81.25
2026-01-14 17:00:00,77.07
2026-01-14 18:00:00,67.68
2026-01-14 19:00:00,67.38
2026-01-14 20:00:00,63.56
2026-01-14 21:00:00,62.0
2026-01-14 22:00:00,57.88
2026-01-14 23:00:00,55.93
2026-01-15 00:00:00,57.38
2026-01-15 01:00:00,53.94
2026-01-15 02:00:00,53.81
2026-01-15 03:00:00,53.5
2026-01-15 04:00:00,53.5
2026-01-15 05:00:00,52.56
2026-01-15 06:00:00,53.38
2026-01-15 07:00:00,56.56
2026-01-15 08:00:00,68.75
2026-01-15 09:00:00,72.0
2026-01-15 10:00:00,77.12
2026-01-15 11:00:00,78.19
2026-01-15 12:00:00,78.38
2026-01-15 13:00:00,79.62
2026-01-15 14:00:00,83.56
2026-01-15 15:00:00,81.19
2026-01-15 16:00:00,77.06
2026-01-15 17:00:00,74.19
2026-01-15 18:00:00,69.63
2026-01-15 19:00:00,67.0
2026-01-15 20:00:00,66.56
2026-01-15 21:00:00,64.62
2026-01-15 22:00:00,61.38
2026-01-15 23:00:00,59.87
2026-01-16 00:00:00,57.69
2026-01-16 01:00:00,56.13
2026-01-16 02:00:00,56.75
2026-01-16 03:00:00,56.06
2026-01-16 04:00:00,57.12
2026-01-16 05:00:00,55.5
2026-01-16 06:00:00,55.69
2026-01-16 07:00:00,57.19
2026-01-16 08:00:00,65.75
2026-01-16 09:00:00,72.12
2026-01-16 10:00:00,78.19
2026-01-16 11:00:00,83.31
2026-01-16 12:00:00,78.13
2026-01-16 13:00:00,84.37
2026-01-16 14:00:00,88.07
2026-01-16 15:00:00,85.81
2026-01-16 16:00:00,85.25
2026-01-16 17:00:00,73.19
2026-01-16 18:00:00,68.18
2026-01-16 19:00:00,65.88
2026-01-16 20:00:00,64.31
2026-01-16 21:00:00,62.69
2026-01-16 22:00:00,59.0
2026-01-16 23:00:00,59.5
2026-01-17 00:00:00,58.69
2026-01-17 01:00:00,56.68
2026-01-17 02:00:00,56.19
2026-01-17 03:00:00,56.25
2026-01-17 04:00:00,56.0
2026-01-17 05:00:00,57.13
2026-01-17 06:00:00,56.68
2026-01-17 07:00:00,55.69
2026-01-17 08:00:00,55.38
2026-01-17 09:00:00,55.25
2026-01-17 10:00:00,58.68
2026-01-17 11:00:00,59.13
2026-01-17 12:00:00,58.87
2026-01-17 13:00:00,61.0
2026-01-17 14:00:00,62.69
2026-01-17 15:00:00,64.13
2026-01-17 16:00:00,62.56
2026-01-17 17:00:00,63.5
2026-01-17 18:00:00,62.25
2026-01-17 19:00:00,62.69
2026-01-17 20:00:00,61.75
2026-01-17 21:00:00,61.18
2026-01-17 22:00:00,60.5
2026-01-17 23:00:00,57.07
2026-01-18 00:00:00,
2026-01-18 01:00:00,
2026-01-18 02:00:00,
2026-01-18 03:00:00,
2026-01-18 04:00:00,
2026-01-18 05:00:00,
2026-01-18 06:00:00,
2026-01-18 07:00:00,
2026-01-18 08:00:00,
2026-01-18 09:00:00,
2026-01-18 10:00:00,
2026-01-18 11:00:00,
2026-01-18 12:00:00,
2026-01-18 13:00:00,
2026-01-18 14:00:00,
