Datetime,園藝系造園館
2026-01-01 00:00:00,7.13
2026-01-01 01:00:00,6.68
2026-01-01 02:00:00,6.38
2026-01-01 03:00:00,6.5
2026-01-01 04:00:00,6.62
2026-01-01 05:00:00,6.44
2026-01-01 06:00:00,6.63
2026-01-01 07:00:00,6.56
2026-01-01 08:00:00,6.5
2026-01-01 09:00:00,6.69
2026-01-01 10:00:00,6.43
2026-01-01 11:00:00,6.69
2026-01-01 12:00:00,7.88
2026-01-01 13:00:00,8.56
2026-01-01 14:00:00,9.19
2026-01-01 15:00:00,9.18
2026-01-01 16:00:00,9.38
2026-01-01 17:00:00,9.06
2026-01-01 18:00:00,7.75
2026-01-01 19:00:00,8.0
2026-01-01 20:00:00,7.94
2026-01-01 21:00:00,8.06
2026-01-01 22:00:00,6.88
2026-01-01 23:00:00,6.18
2026-01-02 00:00:00,6.32
2026-01-02 01:00:00,6.12
2026-01-02 02:00:00,6.13
2026-01-02 03:00:00,5.93
2026-01-02 04:00:00,5.82
2026-01-02 05:00:00,5.75
2026-01-02 06:00:00,5.68
2026-01-02 07:00:00,5.57
2026-01-02 08:00:00,7.81
2026-01-02 09:00:00,10.69
2026-01-02 10:00:00,11.0
2026-01-02 11:00:00,10.87
2026-01-02 12:00:00,11.31
2026-01-02 13:00:00,11.57
2026-01-02 14:00:00,11.56
2026-01-02 15:00:00,11.37
2026-01-02 16:00:00,11.69
2026-01-02 17:00:00,12.06
2026-01-02 18:00:00,8.94
2026-01-02 19:00:00,8.44
2026-01-02 20:00:00,8.62
2026-01-02 21:00:00,8.0
2026-01-02 22:00:00,6.38
2026-01-02 23:00:00,5.5
2026-01-03 00:00:00,5.5
2026-01-03 01:00:00,5.56
2026-01-03 02:00:00,5.5
2026-01-03 03:00:00,5.31
2026-01-03 04:00:00,5.32
2026-01-03 05:00:00,5.31
2026-01-03 06:00:00,5.25
2026-01-03 07:00:00,5.0
2026-01-03 08:00:00,5.31
2026-01-03 09:00:00,5.31
2026-01-03 10:00:00,5.44
2026-01-03 11:00:00,6.88
2026-01-03 12:00:00,6.81
2026-01-03 13:00:00,8.0
2026-01-03 14:00:00,8.87
2026-01-03 15:00:00,9.07
2026-01-03 16:00:00,8.5
2026-01-03 17:00:00,7.87
2026-01-03 18:00:00,7.94
2026-01-03 19:00:00,7.37
2026-01-03 20:00:00,7.5
2026-01-03 21:00:00,8.13
2026-01-03 22:00:00,6.06
2026-01-03 23:00:00,5.25
2026-01-04 00:00:00,5.19
2026-01-04 01:00:00,5.31
2026-01-04 02:00:00,5.25
2026-01-04 03:00:00,5.44
2026-01-04 04:00:00,5.31
2026-01-04 05:00:00,5.38
2026-01-04 06:00:00,5.18
2026-01-04 07:00:00,5.07
2026-01-04 08:00:00,5.12
2026-01-04 09:00:00,5.25
2026-01-04 10:00:00,5.56
2026-01-04 11:00:00,5.38
2026-01-04 12:00:00,6.06
2026-01-04 13:00:00,6.88
2026-01-04 14:00:00,6.37
2026-01-04 15:00:00,6.19
2026-01-04 16:00:00,6.31
2026-01-04 17:00:00,7.69
2026-01-04 18:00:00,8.56
2026-01-04 19:00:00,6.13
2026-01-04 20:00:00,5.81
2026-01-04 21:00:00,5.5
2026-01-04 22:00:00,5.56
2026-01-04 23:00:00,5.31
2026-01-05 00:00:00,5.19
2026-01-05 01:00:00,5.19
2026-01-05 02:00:00,5.19
2026-01-05 03:00:00,5.18
2026-01-05 04:00:00,5.19
2026-01-05 05:00:00,5.25
2026-01-05 06:00:00,5.0
2026-01-05 07:00:00,4.81
2026-01-05 08:00:00,8.5
2026-01-05 09:00:00,10.69
2026-01-05 10:00:00,10.38
2026-01-05 11:00:00,11.93
2026-01-05 12:00:00,11.19
2026-01-05 13:00:00,11.75
2026-01-05 14:00:00,13.75
2026-01-05 15:00:00,12.38
2026-01-05 16:00:00,12.25
2026-01-05 17:00:00,10.31
2026-01-05 18:00:00,9.87
2026-01-05 19:00:00,8.75
2026-01-05 20:00:00,8.75
2026-01-05 21:00:00,8.88
2026-01-05 22:00:00,7.5
2026-01-05 23:00:00,7.44
2026-01-06 00:00:00,7.31
2026-01-06 01:00:00,7.19
2026-01-06 02:00:00,7.31
2026-01-06 03:00:00,7.19
2026-01-06 04:00:00,7.18
2026-01-06 05:00:00,7.07
2026-01-06 06:00:00,7.12
2026-01-06 07:00:00,7.19
2026-01-06 08:00:00,10.12
2026-01-06 09:00:00,12.38
2026-01-06 10:00:00,12.25
2026-01-06 11:00:00,12.87
2026-01-06 12:00:00,13.69
2026-01-06 13:00:00,11.94
2026-01-06 14:00:00,13.62
2026-01-06 15:00:00,14.88
2026-01-06 16:00:00,14.12
2026-01-06 17:00:00,11.5
2026-01-06 18:00:00,10.44
2026-01-06 19:00:00,10.63
2026-01-06 20:00:00,9.62
2026-01-06 21:00:00,8.19
2026-01-06 22:00:00,6.94
2026-01-06 23:00:00,6.56
2026-01-07 00:00:00,6.06
2026-01-07 01:00:00,6.06
2026-01-07 02:00:00,5.88
2026-01-07 03:00:00,5.75
2026-01-07 04:00:00,5.75
2026-01-07 05:00:00,5.69
2026-01-07 06:00:00,5.68
2026-01-07 07:00:00,5.75
2026-01-07 08:00:00,9.0
2026-01-07 09:00:00,13.19
2026-01-07 10:00:00,14.0
2026-01-07 11:00:00,14.31
2026-01-07 12:00:00,12.38
2026-01-07 13:00:00,13.87
2026-01-07 14:00:00,15.32
2026-01-07 15:00:00,15.06
2026-01-07 16:00:00,14.25
2026-01-07 17:00:00,12.25
2026-01-07 18:00:00,11.37
2026-01-07 19:00:00,9.25
2026-01-07 20:00:00,9.13
2026-01-07 21:00:00,9.87
2026-01-07 22:00:00,6.82
2026-01-07 23:00:00,6.43
2026-01-08 00:00:00,6.5
2026-01-08 01:00:00,6.5
2026-01-08 02:00:00,6.57
2026-01-08 03:00:00,6.43
2026-01-08 04:00:00,6.5
2026-01-08 05:00:00,6.57
2026-01-08 06:00:00,6.37
2026-01-08 07:00:00,6.5
2026-01-08 08:00:00,9.25
2026-01-08 09:00:00,11.44
2026-01-08 10:00:00,13.31
2026-01-08 11:00:00,13.5
2026-01-08 12:00:00,13.0
2026-01-08 13:00:00,15.0
2026-01-08 14:00:00,14.44
2026-01-08 15:00:00,12.0
2026-01-08 16:00:00,12.12
2026-01-08 17:00:00,11.25
2026-01-08 18:00:00,9.32
2026-01-08 19:00:00,8.0
2026-01-08 20:00:00,7.75
2026-01-08 21:00:00,8.06
2026-01-08 22:00:00,6.31
2026-01-08 23:00:00,5.94
2026-01-09 00:00:00,5.75
2026-01-09 01:00:00,5.87
2026-01-09 02:00:00,5.75
2026-01-09 03:00:00,5.69
2026-01-09 04:00:00,5.75
2026-01-09 05:00:00,5.69
2026-01-09 06:00:00,5.69
2026-01-09 07:00:00,5.62
2026-01-09 08:00:00,9.0
2026-01-09 09:00:00,11.88
2026-01-09 10:00:00,13.25
2026-01-09 11:00:00,12.06
2026-01-09 12:00:00,13.44
2026-01-09 13:00:00,13.25
2026-01-09 14:00:00,12.0
2026-01-09 15:00:00,11.81
2026-01-09 16:00:00,12.37
2026-01-09 17:00:00,11.0
2026-01-09 18:00:00,9.5
2026-01-09 19:00:00,8.57
2026-01-09 20:00:00,9.12
2026-01-09 21:00:00,7.75
2026-01-09 22:00:00,7.5
2026-01-09 23:00:00,5.5
2026-01-10 00:00:00,5.5
2026-01-10 01:00:00,5.5
2026-01-10 02:00:00,5.56
2026-01-10 03:00:00,5.63
2026-01-10 04:00:00,5.44
2026-01-10 05:00:00,5.37
2026-01-10 06:00:00,5.38
2026-01-10 07:00:00,5.06
2026-01-10 08:00:00,5.37
2026-01-10 09:00:00,5.57
2026-01-10 10:00:00,5.56
2026-01-10 11:00:00,5.75
2026-01-10 12:00:00,9.25
2026-01-10 13:00:00,9.87
2026-01-10 14:00:00,9.38
2026-01-10 15:00:00,10.0
2026-01-10 16:00:00,9.5
2026-01-10 17:00:00,8.12
2026-01-10 18:00:00,7.57
2026-01-10 19:00:00,7.31
2026-01-10 20:00:00,8.81
2026-01-10 21:00:00,8.94
2026-01-10 22:00:00,7.25
2026-01-10 23:00:00,6.0
2026-01-11 00:00:00,6.0
2026-01-11 01:00:00,5.94
2026-01-11 02:00:00,5.81
2026-01-11 03:00:00,5.94
2026-01-11 04:00:00,6.25
2026-01-11 05:00:00,6.0
2026-01-11 06:00:00,5.93
2026-01-11 07:00:00,5.44
2026-01-11 08:00:00,5.69
2026-01-11 09:00:00,5.69
2026-01-11 10:00:00,5.81
2026-01-11 11:00:00,5.94
2026-01-11 12:00:00,5.93
2026-01-11 13:00:00,5.88
2026-01-11 14:00:00,7.0
2026-01-11 15:00:00,8.56
2026-01-11 16:00:00,8.75
2026-01-11 17:00:00,8.88
2026-01-11 18:00:00,9.25
2026-01-11 19:00:00,6.06
2026-01-11 20:00:00,5.87
2026-01-11 21:00:00,6.19
2026-01-11 22:00:00,6.06
2026-01-11 23:00:00,5.94
2026-01-12 00:00:00,5.88
2026-01-12 01:00:00,5.81
2026-01-12 02:00:00,5.87
2026-01-12 03:00:00,5.94
2026-01-12 04:00:00,5.88
2026-01-12 05:00:00,5.93
2026-01-12 06:00:00,5.82
2026-01-12 07:00:00,5.81
2026-01-12 08:00:00,8.69
2026-01-12 09:00:00,13.75
2026-01-12 10:00:00,13.31
2026-01-12 11:00:00,12.37
2026-01-12 12:00:00,13.69
2026-01-12 13:00:00,12.31
2026-01-12 14:00:00,12.13
2026-01-12 15:00:00,10.12
2026-01-12 16:00:00,10.75
2026-01-12 17:00:00,11.38
2026-01-12 18:00:00,9.81
2026-01-12 19:00:00,8.75
2026-01-12 20:00:00,8.56
2026-01-12 21:00:00,7.88
2026-01-12 22:00:00,6.94
2026-01-12 23:00:00,6.12
2026-01-13 00:00:00,5.88
2026-01-13 01:00:00,6.0
2026-01-13 02:00:00,6.12
2026-01-13 03:00:00,6.06
2026-01-13 04:00:00,6.0
2026-01-13 05:00:00,5.94
2026-01-13 06:00:00,5.63
2026-01-13 07:00:00,5.43
2026-01-13 08:00:00,8.19
2026-01-13 09:00:00,11.25
2026-01-13 10:00:00,11.0
2026-01-13 11:00:00,11.38
2026-01-13 12:00:00,11.43
2026-01-13 13:00:00,12.88
2026-01-13 14:00:00,12.75
2026-01-13 15:00:00,12.69
2026-01-13 16:00:00,11.5
2026-01-13 17:00:00,10.37
2026-01-13 18:00:00,9.25
2026-01-13 19:00:00,9.38
2026-01-13 20:00:00,8.62
2026-01-13 21:00:00,8.06
2026-01-13 22:00:00,6.75
2026-01-13 23:00:00,6.0
2026-01-14 00:00:00,5.69
2026-01-14 01:00:00,5.63
2026-01-14 02:00:00,5.75
2026-01-14 03:00:00,5.68
2026-01-14 04:00:00,5.63
2026-01-14 05:00:00,5.56
2026-01-14 06:00:00,5.5
2026-01-14 07:00:00,5.38
2026-01-14 08:00:00,7.12
2026-01-14 09:00:00,9.69
2026-01-14 10:00:00,10.87
2026-01-14 11:00:00,11.13
2026-01-14 12:00:00,10.87
2026-01-14 13:00:00,12.19
2026-01-14 14:00:00,11.31
2026-01-14 15:00:00,10.69
2026-01-14 16:00:00,9.94
2026-01-14 17:00:00,10.06
2026-01-14 18:00:00,9.13
2026-01-14 19:00:00,8.25
2026-01-14 20:00:00,8.12
2026-01-14 21:00:00,7.44
2026-01-14 22:00:00,6.37
2026-01-14 23:00:00,5.44
2026-01-15 00:00:00,5.38
2026-01-15 01:00:00,5.37
2026-01-15 02:00:00,5.44
2026-01-15 03:00:00,5.56
2026-01-15 04:00:00,5.44
2026-01-15 05:00:00,5.44
2026-01-15 06:00:00,5.31
2026-01-15 07:00:00,5.0
2026-01-15 08:00:00,7.12
2026-01-15 09:00:00,9.13
2026-01-15 10:00:00,11.0
2026-01-15 11:00:00,10.81
2026-01-15 12:00:00,11.38
2026-01-15 13:00:00,11.31
2026-01-15 14:00:00,12.56
2026-01-15 15:00:00,12.5
2026-01-15 16:00:00,12.25
2026-01-15 17:00:00,11.56
2026-01-15 18:00:00,10.63
2026-01-15 19:00:00,9.12
2026-01-15 20:00:00,8.75
2026-01-15 21:00:00,8.44
2026-01-15 22:00:00,8.19
2026-01-15 23:00:00,7.37
2026-01-16 00:00:00,7.0
2026-01-16 01:00:00,6.94
2026-01-16 02:00:00,7.0
2026-01-16 03:00:00,7.06
2026-01-16 04:00:00,7.0
2026-01-16 05:00:00,7.07
2026-01-16 06:00:00,7.0
2026-01-16 07:00:00,6.87
2026-01-16 08:00:00,7.5
2026-01-16 09:00:00,8.19
2026-01-16 10:00:00,8.69
2026-01-16 11:00:00,8.81
2026-01-16 12:00:00,9.12
2026-01-16 13:00:00,10.32
2026-01-16 14:00:00,12.18
2026-01-16 15:00:00,10.88
2026-01-16 16:00:00,10.06
2026-01-16 17:00:00,8.5
2026-01-16 18:00:00,7.69
2026-01-16 19:00:00,7.44
2026-01-16 20:00:00,7.81
2026-01-16 21:00:00,7.19
2026-01-16 22:00:00,6.18
2026-01-16 23:00:00,5.94
2026-01-17 00:00:00,5.88
2026-01-17 01:00:00,5.81
2026-01-17 02:00:00,5.75
2026-01-17 03:00:00,5.81
2026-01-17 04:00:00,5.81
2026-01-17 05:00:00,5.69
2026-01-17 06:00:00,5.81
2026-01-17 07:00:00,5.57
2026-01-17 08:00:00,5.68
2026-01-17 09:00:00,7.25
2026-01-17 10:00:00,7.57
2026-01-17 11:00:00,6.81
2026-01-17 12:00:00,7.62
2026-01-17 13:00:00,7.94
2026-01-17 14:00:00,9.13
2026-01-17 15:00:00,9.43
2026-01-17 16:00:00,8.88
2026-01-17 17:00:00,7.94
2026-01-17 18:00:00,7.87
2026-01-17 19:00:00,7.56
2026-01-17 20:00:00,7.94
2026-01-17 21:00:00,7.56
2026-01-17 22:00:00,6.88
2026-01-17 23:00:00,6.19
2026-01-18 00:00:00,
2026-01-18 01:00:00,
2026-01-18 02:00:00,
2026-01-18 03:00:00,
2026-01-18 04:00:00,
2026-01-18 05:00:00,
2026-01-18 06:00:00,
2026-01-18 07:00:00,
2026-01-18 08:00:00,
2026-01-18 09:00:00,
2026-01-18 10:00:00,
2026-01-18 11:00:00,
2026-01-18 12:00:00,
2026-01-18 13:00:00,
2026-01-18 14:00:00,
