Datetime,一號館,展書樓,地質系,園藝系造園館
2026-01-01 00:00:00,76.9,58.12,99.88,7.13
2026-01-01 01:00:00,77.16,53.94,98.47,6.68
2026-01-01 02:00:00,77.5,51.5,99.28,6.38
2026-01-01 03:00:00,75.22,51.75,98.56,6.5
2026-01-01 04:00:00,75.91,51.06,97.59,6.62
2026-01-01 05:00:00,76.25,49.5,97.56,6.44
2026-01-01 06:00:00,77.17,50.38,96.54,6.63
2026-01-01 07:00:00,76.41,49.43,96.25,6.56
2026-01-01 08:00:00,78.79,49.63,96.87,6.5
2026-01-01 09:00:00,83.45,50.44,96.09,6.69
2026-01-01 10:00:00,82.1,52.68,97.54,6.43
2026-01-01 11:00:00,81.58,52.13,98.81,6.69
2026-01-01 12:00:00,82.26,51.44,97.13,7.88
2026-01-01 13:00:00,84.77,52.5,97.21,8.56
2026-01-01 14:00:00,82.55,53.56,98.0,9.19
2026-01-01 15:00:00,81.96,52.94,97.66,9.18
2026-01-01 16:00:00,81.31,54.18,98.38,9.38
2026-01-01 17:00:00,82.07,54.0,100.72,9.06
2026-01-01 18:00:00,81.17,54.94,98.15,7.75
2026-01-01 19:00:00,79.86,52.13,96.9,8.0
2026-01-01 20:00:00,80.64,51.43,97.32,7.94
2026-01-01 21:00:00,77.6,51.38,96.0,8.06
2026-01-01 22:00:00,76.82,50.62,95.78,6.88
2026-01-01 23:00:00,77.76,50.19,96.13,6.18
2026-01-02 00:00:00,76.39,50.31,95.53,6.32
2026-01-02 01:00:00,74.64,48.82,94.84,6.12
2026-01-02 02:00:00,75.98,48.93,95.04,6.13
2026-01-02 03:00:00,75.16,49.07,94.4,5.93
2026-01-02 04:00:00,75.09,49.37,93.72,5.82
2026-01-02 05:00:00,75.59,49.0,94.4,5.75
2026-01-02 06:00:00,74.3,49.0,90.85,5.68
2026-01-02 07:00:00,75.89,49.69,90.15,5.57
2026-01-02 08:00:00,81.22,52.94,94.57,7.81
2026-01-02 09:00:00,84.77,61.62,108.71,10.69
2026-01-02 10:00:00,89.03,68.94,111.44,11.0
2026-01-02 11:00:00,90.95,73.31,112.66,10.87
2026-01-02 12:00:00,90.4,73.06,112.72,11.31
2026-01-02 13:00:00,89.25,71.88,112.75,11.57
2026-01-02 14:00:00,93.17,73.19,113.16,11.56
2026-01-02 15:00:00,89.88,75.18,113.56,11.37
2026-01-02 16:00:00,90.18,74.57,114.31,11.69
2026-01-02 17:00:00,88.04,71.37,109.03,12.06
2026-01-02 18:00:00,89.54,65.56,101.47,8.94
2026-01-02 19:00:00,82.72,62.5,99.99,8.44
2026-01-02 20:00:00,77.18,58.75,98.29,8.62
2026-01-02 21:00:00,79.11,56.63,96.56,8.0
2026-01-02 22:00:00,78.69,57.06,89.79,6.38
2026-01-02 23:00:00,76.06,54.44,88.02,5.5
2026-01-03 00:00:00,74.68,54.25,88.51,5.5
2026-01-03 01:00:00,74.39,53.5,88.4,5.56
2026-01-03 02:00:00,74.39,52.0,87.88,5.5
2026-01-03 03:00:00,74.55,51.12,87.65,5.31
2026-01-03 04:00:00,74.74,51.69,88.09,5.32
2026-01-03 05:00:00,76.1,51.19,87.66,5.31
2026-01-03 06:00:00,75.69,50.75,86.69,5.25
2026-01-03 07:00:00,76.36,50.12,86.62,5.0
2026-01-03 08:00:00,77.16,50.63,86.88,5.31
2026-01-03 09:00:00,79.08,51.19,87.44,5.31
2026-01-03 10:00:00,81.38,52.0,88.53,5.44
2026-01-03 11:00:00,82.84,52.06,90.59,6.88
2026-01-03 12:00:00,82.01,54.69,90.41,6.81
2026-01-03 13:00:00,80.78,55.25,91.46,8.0
2026-01-03 14:00:00,79.88,57.93,89.07,8.87
2026-01-03 15:00:00,85.63,59.38,89.94,9.07
2026-01-03 16:00:00,81.02,57.94,92.59,8.5
2026-01-03 17:00:00,82.2,59.06,95.97,7.87
2026-01-03 18:00:00,82.0,56.31,94.31,7.94
2026-01-03 19:00:00,81.36,54.13,92.54,7.37
2026-01-03 20:00:00,76.7,54.18,91.59,7.5
2026-01-03 21:00:00,76.23,54.32,91.72,8.13
2026-01-03 22:00:00,75.59,53.0,89.96,6.06
2026-01-03 23:00:00,75.46,49.81,89.35,5.25
2026-01-04 00:00:00,76.34,50.44,89.75,5.19
2026-01-04 01:00:00,75.0,48.87,89.43,5.31
2026-01-04 02:00:00,75.83,48.69,89.82,5.25
2026-01-04 03:00:00,75.84,48.62,89.53,5.44
2026-01-04 04:00:00,74.9,48.32,89.07,5.31
2026-01-04 05:00:00,75.71,48.5,88.58,5.38
2026-01-04 06:00:00,76.33,47.56,88.38,5.18
2026-01-04 07:00:00,75.91,47.94,87.18,5.07
2026-01-04 08:00:00,77.9,48.0,87.6,5.12
2026-01-04 09:00:00,78.39,48.31,88.25,5.25
2026-01-04 10:00:00,80.64,49.19,93.84,5.56
2026-01-04 11:00:00,81.05,48.56,98.63,5.38
2026-01-04 12:00:00,83.61,49.19,102.5,6.06
2026-01-04 13:00:00,85.28,49.93,106.5,6.88
2026-01-04 14:00:00,85.54,50.94,105.0,6.37
2026-01-04 15:00:00,84.25,54.75,99.22,6.19
2026-01-04 16:00:00,85.7,57.0,98.5,6.31
2026-01-04 17:00:00,88.79,57.06,99.75,7.69
2026-01-04 18:00:00,82.52,52.38,96.0,8.56
2026-01-04 19:00:00,80.42,52.0,95.46,6.13
2026-01-04 20:00:00,81.25,53.81,93.76,5.81
2026-01-04 21:00:00,77.82,52.81,93.68,5.5
2026-01-04 22:00:00,76.29,53.07,92.51,5.56
2026-01-04 23:00:00,78.31,50.18,92.97,5.31
2026-01-05 00:00:00,76.1,52.13,93.08,5.19
2026-01-05 01:00:00,74.66,49.69,92.25,5.19
2026-01-05 02:00:00,75.68,48.93,91.73,5.19
2026-01-05 03:00:00,74.14,49.75,90.34,5.18
2026-01-05 04:00:00,76.35,49.38,90.75,5.19
2026-01-05 05:00:00,75.51,48.56,89.54,5.25
2026-01-05 06:00:00,75.43,49.63,88.14,5.0
2026-01-05 07:00:00,76.84,53.87,89.63,4.81
2026-01-05 08:00:00,82.83,61.0,97.25,8.5
2026-01-05 09:00:00,87.07,70.06,109.22,10.69
2026-01-05 10:00:00,89.31,77.63,113.47,10.38
2026-01-05 11:00:00,86.65,81.06,112.53,11.93
2026-01-05 12:00:00,89.5,77.63,114.37,11.19
2026-01-05 13:00:00,92.72,78.93,120.01,11.75
2026-01-05 14:00:00,92.6,81.75,120.18,13.75
2026-01-05 15:00:00,95.72,79.5,119.35,12.38
2026-01-05 16:00:00,92.27,79.88,115.09,12.25
2026-01-05 17:00:00,91.53,75.44,114.16,10.31
2026-01-05 18:00:00,92.02,65.31,108.97,9.87
2026-01-05 19:00:00,85.04,62.5,103.75,8.75
2026-01-05 20:00:00,80.65,60.62,99.0,8.75
2026-01-05 21:00:00,79.08,58.32,99.31,8.88
2026-01-05 22:00:00,79.0,55.25,94.84,7.5
2026-01-05 23:00:00,78.78,54.37,92.85,7.44
2026-01-06 00:00:00,77.3,52.94,93.56,7.31
2026-01-06 01:00:00,76.5,51.31,92.9,7.19
2026-01-06 02:00:00,75.5,51.69,92.16,7.31
2026-01-06 03:00:00,75.57,52.31,92.28,7.19
2026-01-06 04:00:00,75.79,53.88,91.0,7.18
2026-01-06 05:00:00,76.25,51.87,90.88,7.07
2026-01-06 06:00:00,77.22,52.25,88.71,7.12
2026-01-06 07:00:00,77.64,56.06,90.32,7.19
2026-01-06 08:00:00,80.08,74.38,97.06,10.12
2026-01-06 09:00:00,87.43,78.5,110.97,12.38
2026-01-06 10:00:00,88.79,83.62,112.41,12.25
2026-01-06 11:00:00,88.77,85.69,111.4,12.87
2026-01-06 12:00:00,92.61,85.5,116.44,13.69
2026-01-06 13:00:00,91.72,87.81,114.75,11.94
2026-01-06 14:00:00,92.08,85.07,117.56,13.62
2026-01-06 15:00:00,92.51,82.5,115.41,14.88
2026-01-06 16:00:00,89.66,83.93,109.9,14.12
2026-01-06 17:00:00,90.06,73.94,104.32,11.5
2026-01-06 18:00:00,89.94,65.81,100.28,10.44
2026-01-06 19:00:00,83.75,62.25,96.03,10.63
2026-01-06 20:00:00,78.99,61.69,93.06,9.62
2026-01-06 21:00:00,77.95,60.88,92.1,8.19
2026-01-06 22:00:00,76.72,58.18,90.46,6.94
2026-01-06 23:00:00,75.99,52.94,88.97,6.56
2026-01-07 00:00:00,74.94,51.25,90.2,6.06
2026-01-07 01:00:00,74.9,50.81,88.93,6.06
2026-01-07 02:00:00,75.96,51.69,88.69,5.88
2026-01-07 03:00:00,75.07,52.44,88.53,5.75
2026-01-07 04:00:00,74.15,53.31,88.34,5.75
2026-01-07 05:00:00,74.5,52.81,88.0,5.69
2026-01-07 06:00:00,75.08,53.38,87.81,5.68
2026-01-07 07:00:00,74.91,59.56,86.94,5.75
2026-01-07 08:00:00,79.18,70.13,93.75,9.0
2026-01-07 09:00:00,84.24,75.56,102.72,13.19
2026-01-07 10:00:00,84.3,84.0,108.66,14.0
2026-01-07 11:00:00,85.6,89.56,110.88,14.31
2026-01-07 12:00:00,87.32,85.13,109.96,12.38
2026-01-07 13:00:00,87.65,86.43,112.82,13.87
2026-01-07 14:00:00,88.19,88.75,116.9,15.32
2026-01-07 15:00:00,91.91,87.5,111.12,15.06
2026-01-07 16:00:00,93.78,84.63,112.44,14.25
2026-01-07 17:00:00,88.92,76.12,111.22,12.25
2026-01-07 18:00:00,91.96,68.25,105.41,11.37
2026-01-07 19:00:00,88.63,64.0,97.3,9.25
2026-01-07 20:00:00,82.26,61.32,97.01,9.13
2026-01-07 21:00:00,80.08,59.5,94.12,9.87
2026-01-07 22:00:00,80.58,57.12,92.41,6.82
2026-01-07 23:00:00,78.4,54.19,91.04,6.43
2026-01-08 00:00:00,76.45,57.31,91.87,6.5
2026-01-08 01:00:00,76.33,52.19,91.69,6.5
2026-01-08 02:00:00,76.7,50.0,93.21,6.57
2026-01-08 03:00:00,75.99,49.5,91.19,6.43
2026-01-08 04:00:00,77.27,50.56,90.97,6.5
2026-01-08 05:00:00,75.98,51.31,91.53,6.57
2026-01-08 06:00:00,76.66,50.75,90.34,6.37
2026-01-08 07:00:00,77.28,58.75,89.97,6.5
2026-01-08 08:00:00,82.02,70.0,96.78,9.25
2026-01-08 09:00:00,86.26,73.94,103.85,11.44
2026-01-08 10:00:00,87.54,75.06,106.94,13.31
2026-01-08 11:00:00,95.65,76.5,112.9,13.5
2026-01-08 12:00:00,92.86,80.25,111.56,13.0
2026-01-08 13:00:00,89.08,80.69,109.44,15.0
2026-01-08 14:00:00,90.09,79.38,112.19,14.44
2026-01-08 15:00:00,91.12,80.31,112.81,12.0
2026-01-08 16:00:00,91.54,74.75,112.0,12.12
2026-01-08 17:00:00,90.05,71.56,104.25,11.25
2026-01-08 18:00:00,90.58,66.44,97.31,9.32
2026-01-08 19:00:00,88.13,62.62,97.59,8.0
2026-01-08 20:00:00,82.0,58.13,94.92,7.75
2026-01-08 21:00:00,80.63,56.12,94.58,8.06
2026-01-08 22:00:00,78.5,53.88,92.2,6.31
2026-01-08 23:00:00,75.74,50.5,90.53,5.94
2026-01-09 00:00:00,75.15,49.94,89.68,5.75
2026-01-09 01:00:00,74.24,50.31,89.69,5.87
2026-01-09 02:00:00,74.44,50.56,90.12,5.75
2026-01-09 03:00:00,74.1,50.19,89.47,5.69
2026-01-09 04:00:00,74.0,50.12,89.04,5.75
2026-01-09 05:00:00,74.75,50.75,89.68,5.69
2026-01-09 06:00:00,74.95,51.75,88.44,5.69
2026-01-09 07:00:00,75.81,60.38,88.78,5.62
2026-01-09 08:00:00,79.03,67.94,99.53,9.0
2026-01-09 09:00:00,84.53,72.31,103.66,11.88
2026-01-09 10:00:00,89.52,79.19,111.31,13.25
2026-01-09 11:00:00,90.71,81.62,113.91,12.06
2026-01-09 12:00:00,89.89,81.81,112.37,13.44
2026-01-09 13:00:00,90.44,82.0,109.91,13.25
2026-01-09 14:00:00,92.01,81.13,113.81,12.0
2026-01-09 15:00:00,92.52,76.81,117.88,11.81
2026-01-09 16:00:00,92.86,74.81,116.65,12.37
2026-01-09 17:00:00,97.34,72.0,113.35,11.0
2026-01-09 18:00:00,87.86,65.25,108.53,9.5
2026-01-09 19:00:00,83.44,61.57,106.56,8.57
2026-01-09 20:00:00,78.96,57.87,104.1,9.12
2026-01-09 21:00:00,77.54,55.63,101.18,7.75
2026-01-09 22:00:00,76.66,53.75,100.07,7.5
2026-01-09 23:00:00,75.85,50.43,100.09,5.5
2026-01-10 00:00:00,75.64,48.57,99.78,5.5
2026-01-10 01:00:00,76.36,48.31,98.69,5.5
2026-01-10 02:00:00,75.37,48.5,98.09,5.56
2026-01-10 03:00:00,74.78,48.94,97.06,5.63
2026-01-10 04:00:00,75.55,49.37,96.5,5.44
2026-01-10 05:00:00,75.17,48.69,96.54,5.37
2026-01-10 06:00:00,75.53,48.56,95.21,5.38
2026-01-10 07:00:00,75.87,48.69,95.38,5.06
2026-01-10 08:00:00,78.26,48.75,96.03,5.37
2026-01-10 09:00:00,81.43,49.06,98.28,5.57
2026-01-10 10:00:00,81.35,53.56,101.44,5.56
2026-01-10 11:00:00,81.66,56.5,98.6,5.75
2026-01-10 12:00:00,82.95,55.94,98.34,9.25
2026-01-10 13:00:00,81.99,56.5,97.81,9.87
2026-01-10 14:00:00,81.92,56.06,97.88,9.38
2026-01-10 15:00:00,81.61,57.38,96.06,10.0
2026-01-10 16:00:00,82.06,55.94,95.4,9.5
2026-01-10 17:00:00,82.65,57.06,94.98,8.12
2026-01-10 18:00:00,83.49,55.81,93.71,7.57
2026-01-10 19:00:00,80.98,54.31,94.81,7.31
2026-01-10 20:00:00,77.92,55.32,93.66,8.81
2026-01-10 21:00:00,80.35,54.81,94.59,8.94
2026-01-10 22:00:00,77.87,52.12,93.07,7.25
2026-01-10 23:00:00,76.5,49.88,93.49,6.0
2026-01-11 00:00:00,75.32,53.0,93.35,6.0
2026-01-11 01:00:00,75.73,50.81,92.28,5.94
2026-01-11 02:00:00,76.21,50.5,91.85,5.81
2026-01-11 03:00:00,74.71,51.63,91.68,5.94
2026-01-11 04:00:00,75.02,51.12,90.63,6.25
2026-01-11 05:00:00,75.55,50.38,89.81,6.0
2026-01-11 06:00:00,77.04,50.75,89.34,5.93
2026-01-11 07:00:00,75.32,49.68,88.44,5.44
2026-01-11 08:00:00,78.04,50.13,90.32,5.69
2026-01-11 09:00:00,79.41,48.94,91.28,5.69
2026-01-11 10:00:00,78.63,50.87,93.43,5.81
2026-01-11 11:00:00,79.2,51.38,94.57,5.94
2026-01-11 12:00:00,83.05,51.68,93.99,5.93
2026-01-11 13:00:00,82.17,52.13,93.7,5.88
2026-01-11 14:00:00,82.1,55.25,94.68,7.0
2026-01-11 15:00:00,83.88,57.25,95.53,8.56
2026-01-11 16:00:00,87.22,56.56,92.47,8.75
2026-01-11 17:00:00,87.91,54.38,94.97,8.88
2026-01-11 18:00:00,91.01,54.12,92.44,9.25
2026-01-11 19:00:00,85.32,52.13,95.18,6.06
2026-01-11 20:00:00,80.24,51.06,94.1,5.87
2026-01-11 21:00:00,78.48,51.69,92.72,6.19
2026-01-11 22:00:00,78.64,51.93,90.25,6.06
2026-01-11 23:00:00,78.11,50.5,92.22,5.94
2026-01-12 00:00:00,76.79,51.57,90.43,5.88
2026-01-12 01:00:00,76.87,50.68,90.47,5.81
2026-01-12 02:00:00,77.12,48.5,90.22,5.87
2026-01-12 03:00:00,76.73,47.75,91.75,5.94
2026-01-12 04:00:00,77.04,48.13,89.24,5.88
2026-01-12 05:00:00,77.2,48.19,89.67,5.93
2026-01-12 06:00:00,77.27,48.18,88.59,5.82
2026-01-12 07:00:00,77.54,50.07,90.5,5.81
2026-01-12 08:00:00,83.57,63.75,95.03,8.69
2026-01-12 09:00:00,91.94,71.5,104.94,13.75
2026-01-12 10:00:00,95.35,79.18,110.16,13.31
2026-01-12 11:00:00,91.86,82.44,111.31,12.37
2026-01-12 12:00:00,91.86,79.5,109.78,13.69
2026-01-12 13:00:00,91.49,81.69,112.31,12.31
2026-01-12 14:00:00,93.33,81.75,113.66,12.13
2026-01-12 15:00:00,93.34,81.62,113.06,10.12
2026-01-12 16:00:00,91.35,74.5,113.03,10.75
2026-01-12 17:00:00,89.7,74.63,109.47,11.38
2026-01-12 18:00:00,89.63,68.69,104.03,9.81
2026-01-12 19:00:00,84.27,63.81,102.66,8.75
2026-01-12 20:00:00,80.72,63.62,99.63,8.56
2026-01-12 21:00:00,79.03,60.44,100.77,7.88
2026-01-12 22:00:00,78.21,59.94,98.62,6.94
2026-01-12 23:00:00,76.98,57.12,96.28,6.12
2026-01-13 00:00:00,75.81,55.32,91.63,5.88
2026-01-13 01:00:00,76.1,54.0,92.32,6.0
2026-01-13 02:00:00,75.24,55.75,90.72,6.12
2026-01-13 03:00:00,75.29,54.62,91.96,6.06
2026-01-13 04:00:00,77.14,53.38,90.22,6.0
2026-01-13 05:00:00,76.06,54.12,89.79,5.94
2026-01-13 06:00:00,75.62,54.38,87.78,5.63
2026-01-13 07:00:00,76.41,60.87,88.12,5.43
2026-01-13 08:00:00,79.7,72.69,91.97,8.19
2026-01-13 09:00:00,85.32,75.62,100.43,11.25
2026-01-13 10:00:00,90.6,88.32,107.73,11.0
2026-01-13 11:00:00,92.88,88.12,109.91,11.38
2026-01-13 12:00:00,91.92,85.44,111.18,11.43
2026-01-13 13:00:00,93.19,81.44,114.06,12.88
2026-01-13 14:00:00,94.97,80.68,116.72,12.75
2026-01-13 15:00:00,93.26,80.57,113.88,12.69
2026-01-13 16:00:00,91.87,79.93,113.15,11.5
2026-01-13 17:00:00,91.01,74.38,108.88,10.37
2026-01-13 18:00:00,86.87,69.56,104.31,9.25
2026-01-13 19:00:00,82.21,65.13,102.91,9.38
2026-01-13 20:00:00,80.19,60.0,101.96,8.62
2026-01-13 21:00:00,78.17,57.0,100.38,8.06
2026-01-13 22:00:00,78.15,55.12,96.75,6.75
2026-01-13 23:00:00,76.45,56.0,96.81,6.0
2026-01-14 00:00:00,75.38,55.38,96.19,5.69
2026-01-14 01:00:00,76.77,53.0,95.78,5.63
2026-01-14 02:00:00,75.49,53.18,95.69,5.75
2026-01-14 03:00:00,75.68,53.88,94.69,5.68
2026-01-14 04:00:00,75.59,53.75,93.47,5.63
2026-01-14 05:00:00,76.02,53.81,93.12,5.56
2026-01-14 06:00:00,75.05,53.06,92.44,5.5
2026-01-14 07:00:00,76.54,58.57,91.75,5.38
2026-01-14 08:00:00,79.79,73.75,94.9,7.12
2026-01-14 09:00:00,84.49,78.06,105.28,9.69
2026-01-14 10:00:00,86.13,81.5,115.47,10.87
2026-01-14 11:00:00,89.81,79.81,120.85,11.13
2026-01-14 12:00:00,90.49,81.0,124.34,10.87
2026-01-14 13:00:00,89.81,83.31,127.66,12.19
2026-01-14 14:00:00,90.58,86.63,131.47,11.31
2026-01-14 15:00:00,90.69,83.37,133.28,10.69
2026-01-14 16:00:00,93.06,81.25,124.74,9.94
2026-01-14 17:00:00,95.35,77.07,120.67,10.06
2026-01-14 18:00:00,86.79,67.68,110.78,9.13
2026-01-14 19:00:00,81.36,67.38,106.65,8.25
2026-01-14 20:00:00,79.75,63.56,104.87,8.12
2026-01-14 21:00:00,81.41,62.0,104.44,7.44
2026-01-14 22:00:00,78.12,57.88,102.38,6.37
2026-01-14 23:00:00,77.38,55.93,101.41,5.44
2026-01-15 00:00:00,75.09,57.38,99.99,5.38
2026-01-15 01:00:00,76.17,53.94,99.5,5.37
2026-01-15 02:00:00,74.97,53.81,100.53,5.44
2026-01-15 03:00:00,74.98,53.5,97.1,5.56
2026-01-15 04:00:00,74.82,53.5,97.22,5.44
2026-01-15 05:00:00,75.18,52.56,98.52,5.44
2026-01-15 06:00:00,76.18,53.38,95.85,5.31
2026-01-15 07:00:00,75.73,56.56,97.66,5.0
2026-01-15 08:00:00,81.3,68.75,104.41,7.12
2026-01-15 09:00:00,83.5,72.0,113.5,9.13
2026-01-15 10:00:00,86.39,77.12,128.24,11.0
2026-01-15 11:00:00,88.2,78.19,135.69,10.81
2026-01-15 12:00:00,95.43,78.38,133.38,11.38
2026-01-15 13:00:00,93.68,79.62,134.94,11.31
2026-01-15 14:00:00,89.87,83.56,135.5,12.56
2026-01-15 15:00:00,91.44,81.19,136.9,12.5
2026-01-15 16:00:00,93.96,77.06,139.0,12.25
2026-01-15 17:00:00,89.03,74.19,126.0,11.56
2026-01-15 18:00:00,85.79,69.63,121.09,10.63
2026-01-15 19:00:00,84.42,67.0,118.57,9.12
2026-01-15 20:00:00,80.25,66.56,113.56,8.75
2026-01-15 21:00:00,77.0,64.62,113.0,8.44
2026-01-15 22:00:00,76.32,61.38,110.62,8.19
2026-01-15 23:00:00,75.34,59.87,109.88,7.37
2026-01-16 00:00:00,73.77,57.69,107.87,7.0
2026-01-16 01:00:00,75.01,56.13,106.82,6.94
2026-01-16 02:00:00,74.25,56.75,106.88,7.0
2026-01-16 03:00:00,73.56,56.06,105.93,7.06
2026-01-16 04:00:00,73.0,57.12,106.41,7.0
2026-01-16 05:00:00,73.19,55.5,106.22,7.07
2026-01-16 06:00:00,73.87,55.69,105.9,7.0
2026-01-16 07:00:00,74.24,57.19,105.22,6.87
2026-01-16 08:00:00,78.76,65.75,111.22,7.5
2026-01-16 09:00:00,83.64,72.12,117.99,8.19
2026-01-16 10:00:00,86.32,78.19,125.42,8.69
2026-01-16 11:00:00,88.37,83.31,131.49,8.81
2026-01-16 12:00:00,90.77,78.13,131.6,9.12
2026-01-16 13:00:00,90.95,84.37,132.0,10.32
2026-01-16 14:00:00,92.03,88.07,138.91,12.18
2026-01-16 15:00:00,91.89,85.81,140.53,10.88
2026-01-16 16:00:00,89.49,85.25,132.96,10.06
2026-01-16 17:00:00,91.21,73.19,129.0,8.5
2026-01-16 18:00:00,86.49,68.18,124.69,7.69
2026-01-16 19:00:00,84.13,65.88,120.16,7.44
2026-01-16 20:00:00,78.68,64.31,118.81,7.81
2026-01-16 21:00:00,77.76,62.69,115.88,7.19
2026-01-16 22:00:00,75.26,59.0,112.03,6.18
2026-01-16 23:00:00,76.18,59.5,111.49,5.94
2026-01-17 00:00:00,74.64,58.69,108.97,5.88
2026-01-17 01:00:00,74.13,56.68,109.6,5.81
2026-01-17 02:00:00,72.93,56.19,107.56,5.75
2026-01-17 03:00:00,74.61,56.25,108.44,5.81
2026-01-17 04:00:00,73.53,56.0,106.97,5.81
2026-01-17 05:00:00,73.07,57.13,106.84,5.69
2026-01-17 06:00:00,73.79,56.68,105.16,5.81
2026-01-17 07:00:00,75.0,55.69,102.94,5.57
2026-01-17 08:00:00,75.7,55.38,104.87,5.68
2026-01-17 09:00:00,77.85,55.25,106.69,7.25
2026-01-17 10:00:00,77.57,58.68,113.09,7.57
2026-01-17 11:00:00,79.28,59.13,119.16,6.81
2026-01-17 12:00:00,80.9,58.87,120.34,7.62
2026-01-17 13:00:00,77.83,61.0,120.04,7.94
2026-01-17 14:00:00,80.09,62.69,121.06,9.13
2026-01-17 15:00:00,79.08,64.13,116.96,9.43
2026-01-17 16:00:00,79.79,62.56,110.41,8.88
2026-01-17 17:00:00,81.84,63.5,110.03,7.94
2026-01-17 18:00:00,79.92,62.25,108.66,7.87
2026-01-17 19:00:00,77.99,62.69,108.91,7.56
2026-01-17 20:00:00,74.46,61.75,108.03,7.94
2026-01-17 21:00:00,75.36,61.18,107.94,7.56
2026-01-17 22:00:00,75.13,60.5,108.05,6.88
2026-01-17 23:00:00,72.74,57.07,108.38,6.19
2026-01-18 00:00:00,,,,
2026-01-18 01:00:00,,,,
2026-01-18 02:00:00,,,,
2026-01-18 03:00:00,,,,
2026-01-18 04:00:00,,,,
2026-01-18 05:00:00,,,,
2026-01-18 06:00:00,,,,
2026-01-18 07:00:00,,,,
2026-01-18 08:00:00,,,,
2026-01-18 09:00:00,,,,
2026-01-18 10:00:00,,,,
2026-01-18 11:00:00,,,,
2026-01-18 12:00:00,,,,
2026-01-18 13:00:00,,,,
2026-01-18 14:00:00,,,,
